strategy,cor_alpha,cor_s,cor_rho
ERC,0.21947359251005524,0.07202139013208375,0.04587763022886723
Equal_Weight,0.2024934898792339,0.0486977880855717,0.03290792797472216
Min_Variance,0.1866236758821655,0.05623692073871942,0.03046262166113921
Robust_Evolver,0.21681021253090413,0.108643421363943,0.04499086150460612
